table_name,main_column_index,column_index,label
Book_1carpetcleaning.co.uk_September2020_CPA.json.gz,0,2,bookFormat
Book_1carpetcleaning.co.uk_September2020_CPA.json.gz,0,3,datePublished
Book_1carpetcleaning.co.uk_September2020_CPA.json.gz,0,4,numberOfPages
Book_1carpetcleaning.co.uk_September2020_CPA.json.gz,0,5,inLanguage
Book_1carpetcleaning.co.uk_September2020_CPA.json.gz,0,6,isbn
Book_1carpetcleaning.co.uk_September2020_CPA.json.gz,0,7,author
Book_1carpetcleaning.co.uk_September2020_CPA.json.gz,0,9,ratingValue
Book_atlantavintagebooks.com_September2020_CPA.json.gz,0,2,description
Book_atlantavintagebooks.com_September2020_CPA.json.gz,0,4,author
Book_atlantavintagebooks.com_September2020_CPA.json.gz,0,5,priceCurrency
Book_atlantavintagebooks.com_September2020_CPA.json.gz,0,6,priceCurrency
Book_atlantavintagebooks.com_September2020_CPA.json.gz,0,7,availability
Book_boitealivres.com_September2020_CPA.json.gz,0,2,isbn
Book_boitealivres.com_September2020_CPA.json.gz,0,3,description
Book_boitealivres.com_September2020_CPA.json.gz,0,4,bookFormat
Book_boitealivres.com_September2020_CPA.json.gz,0,7,author
Book_boitealivres.com_September2020_CPA.json.gz,0,8,price
Book_boitealivres.com_September2020_CPA.json.gz,0,9,availability
Book_boitealivres.com_September2020_CPA.json.gz,0,10,datePublished
Book_boitealivres.com_September2020_CPA.json.gz,0,11,price
Book_businezz.nl_September2020_CPA.json.gz,0,2,description
Book_businezz.nl_September2020_CPA.json.gz,0,3,isbn
Book_businezz.nl_September2020_CPA.json.gz,0,4,publicationDate
Book_businezz.nl_September2020_CPA.json.gz,0,5,datePublished
Book_businezz.nl_September2020_CPA.json.gz,0,6,inLanguage
Book_businezz.nl_September2020_CPA.json.gz,0,7,author
Book_businezz.nl_September2020_CPA.json.gz,0,8,publisher
Book_catoandmacro.com_September2020_CPA.json.gz,0,3,author
Book_catoandmacro.com_September2020_CPA.json.gz,0,4,availability
Book_catoandmacro.com_September2020_CPA.json.gz,0,5,genre
Book_catoandmacro.com_September2020_CPA.json.gz,0,6,isbn
Book_catoandmacro.com_September2020_CPA.json.gz,0,7,url
Book_clearias.com_September2020_CPA.json.gz,0,1,description
Book_clearias.com_September2020_CPA.json.gz,0,2,author
Book_clearias.com_September2020_CPA.json.gz,0,3,bookFormat
Book_clearias.com_September2020_CPA.json.gz,0,4,priceCurrency
Book_clearias.com_September2020_CPA.json.gz,0,6,description
Book_clearias.com_September2020_CPA.json.gz,0,7,isbn
Book_comandacarti.ro_September2020_CPA.json.gz,0,1,description
Book_comandacarti.ro_September2020_CPA.json.gz,0,2,isbn
Book_comandacarti.ro_September2020_CPA.json.gz,0,4,author
Book_comandacarti.ro_September2020_CPA.json.gz,0,5,publisher
Book_comandacarti.ro_September2020_CPA.json.gz,0,6,priceCurrency
Book_comandacarti.ro_September2020_CPA.json.gz,0,7,price
Book_comandacarti.ro_September2020_CPA.json.gz,0,8,price
Book_currency.com.au_September2020_CPA.json.gz,0,2,isbn
Book_currency.com.au_September2020_CPA.json.gz,0,3,numberOfPages
Book_currency.com.au_September2020_CPA.json.gz,0,4,numberOfPages
Book_currency.com.au_September2020_CPA.json.gz,0,5,author
Book_currency.com.au_September2020_CPA.json.gz,0,6,publisher
Book_currency.com.au_September2020_CPA.json.gz,0,7,priceCurrency
Book_currency.com.au_September2020_CPA.json.gz,0,8,availability
Book_davidsedarisbooks.com_September2020_CPA.json.gz,0,2,description
Book_davidsedarisbooks.com_September2020_CPA.json.gz,0,3,isbn
Book_davidsedarisbooks.com_September2020_CPA.json.gz,0,4,datePublished
Book_davidsedarisbooks.com_September2020_CPA.json.gz,0,6,author
Book_davidsedarisbooks.com_September2020_CPA.json.gz,0,7,url
Book_davidsedarisbooks.com_September2020_CPA.json.gz,0,8,genre
Book_donner.nl_September2020_CPA.json.gz,0,1,description
Book_donner.nl_September2020_CPA.json.gz,0,2,"title
 nuru
<|im_start|> sourceMappingURL:///app/84f2d6ea.chunk.js sourceMappingURL=/app/84f2d6ea.chunk.js.map
 nuru
<|im_start|> sourceMappingURL sourceMappingURL=/app/84f2d6ea.chunk.js.map
"
Book_donner.nl_September2020_CPA.json.gz,0,3,isbn
Book_donner.nl_September2020_CPA.json.gz,0,4,author
Book_donner.nl_September2020_CPA.json.gz,0,5,numberOfPages
Book_donner.nl_September2020_CPA.json.gz,0,6,inLanguage
Book_donner.nl_September2020_CPA.json.gz,0,7,bookFormat
Book_donner.nl_September2020_CPA.json.gz,0,9,priceCurrency
Book_donner.nl_September2020_CPA.json.gz,0,11,availability
Book_donner.nl_September2020_CPA.json.gz,0,12,price
Book_enidblyton.co.uk_September2020_CPA.json.gz,0,1,description
Book_enidblyton.co.uk_September2020_CPA.json.gz,0,2,publisher
Book_enidblyton.co.uk_September2020_CPA.json.gz,0,3,isbn
Book_enidblyton.co.uk_September2020_CPA.json.gz,0,4,datePublished
Book_enidblyton.co.uk_September2020_CPA.json.gz,0,5,genre
Book_enidblyton.co.uk_September2020_CPA.json.gz,0,6,url
Book_enidblyton.co.uk_September2020_CPA.json.gz,0,7,title
Book_firebaseapp.com_September2020_CPA.json.gz,0,1,title
Book_firebaseapp.com_September2020_CPA.json.gz,0,2,bookFormat
Book_firebaseapp.com_September2020_CPA.json.gz,0,3,numberOfPages
Book_firebaseapp.com_September2020_CPA.json.gz,0,4,inLanguage
Book_firebaseapp.com_September2020_CPA.json.gz,0,5,author
Book_firebaseapp.com_September2020_CPA.json.gz,0,7,ratingValue
Book_firebaseapp.com_September2020_CPA.json.gz,0,8,isbn
Book_haeslacheresel.de_September2020_CPA.json.gz,0,1,author
Book_haeslacheresel.de_September2020_CPA.json.gz,0,2,bookFormat
Book_haeslacheresel.de_September2020_CPA.json.gz,0,3,datePublished
Book_haeslacheresel.de_September2020_CPA.json.gz,0,4,numberOfPages
Book_haeslacheresel.de_September2020_CPA.json.gz,0,5,isbn
Book_haeslacheresel.de_September2020_CPA.json.gz,0,6,ratingValue
Book_haeslacheresel.de_September2020_CPA.json.gz,0,8,genre
Book_idefix.com_September2020_CPA.json.gz,0,2,description
Book_idefix.com_September2020_CPA.json.gz,0,4,description
Book_idefix.com_September2020_CPA.json.gz,0,5,author
Book_idefix.com_September2020_CPA.json.gz,0,6,isbn
Book_idefix.com_September2020_CPA.json.gz,0,7,publisher
Book_idefix.com_September2020_CPA.json.gz,0,8,availability
Book_idefix.com_September2020_CPA.json.gz,0,9,price
Book_idefix.com_September2020_CPA.json.gz,0,10,priceCurrency
Book_idefix.com_September2020_CPA.json.gz,0,12,itemCondition
Book_kristenburns.com_September2020_CPA.json.gz,0,1,description
Book_kristenburns.com_September2020_CPA.json.gz,0,2,title
Book_kristenburns.com_September2020_CPA.json.gz,0,3,datePublished
Book_kristenburns.com_September2020_CPA.json.gz,0,4,numberOfPages
Book_kristenburns.com_September2020_CPA.json.gz,0,5,genre
Book_kristenburns.com_September2020_CPA.json.gz,0,6,author
Book_kristenburns.com_September2020_CPA.json.gz,0,7,url
Book_librairie-kleber.com_September2020_CPA.json.gz,0,2,isbn
Book_librairie-kleber.com_September2020_CPA.json.gz,0,3,bookFormat
Book_librairie-kleber.com_September2020_CPA.json.gz,0,4,datePublished
Book_librairie-kleber.com_September2020_CPA.json.gz,0,5,numberOfPages
Book_librairie-kleber.com_September2020_CPA.json.gz,0,7,author
Book_librairie-kleber.com_September2020_CPA.json.gz,0,8,price
Book_librairie-kleber.com_September2020_CPA.json.gz,0,9,publisher
Book_librairie-kleber.com_September2020_CPA.json.gz,0,10,priceCurrency
Book_librairie-kleber.com_September2020_CPA.json.gz,0,11,availability
Book_lumeo.pro_September2020_CPA.json.gz,0,1,bookFormat
Book_lumeo.pro_September2020_CPA.json.gz,0,2,inLanguage
Book_lumeo.pro_September2020_CPA.json.gz,0,4,ratingValue
Book_lumeo.pro_September2020_CPA.json.gz,0,5,ratingValue
Book_mrbookers.top_September2020_CPA.json.gz,0,1,review
Book_mrbookers.top_September2020_CPA.json.gz,0,2,review
Book_mrbookers.top_September2020_CPA.json.gz,0,3,datePublished
Book_novelstoday.com_September2020_CPA.json.gz,0,2,description
Book_novelstoday.com_September2020_CPA.json.gz,0,3,author
Book_novelstoday.com_September2020_CPA.json.gz,0,4,ratingValue
Book_novelstoday.com_September2020_CPA.json.gz,0,6,worstRating
Book_novelstoday.com_September2020_CPA.json.gz,0,7,ratingValue
Book_novelstoday.com_September2020_CPA.json.gz,0,8,inLanguage
Book_sacristy.co.uk_September2020_CPA.json.gz,0,2,description
Book_sacristy.co.uk_September2020_CPA.json.gz,0,3,inLanguage
Book_sacristy.co.uk_September2020_CPA.json.gz,0,4,genre
Book_sacristy.co.uk_September2020_CPA.json.gz,0,5,publisher
Book_sacristy.co.uk_September2020_CPA.json.gz,0,6,priceCurrency
Book_sacristy.co.uk_September2020_CPA.json.gz,0,9,publisher
Event_5starequestrian.com_September2020_CPA.json.gz,0,3,location
Event_5starequestrian.com_September2020_CPA.json.gz,0,4,telephone
Event_5starequestrian.com_September2020_CPA.json.gz,0,5,organizer
Event_5starequestrian.com_September2020_CPA.json.gz,0,6,email
Event_accessallareas.org_September2020_CPA.json.gz,0,5,priceCurrency
Event_accessallareas.org_September2020_CPA.json.gz,0,6,startDate
Event_accessallareas.org_September2020_CPA.json.gz,0,7,organizer
Event_accessallareas.org_September2020_CPA.json.gz,0,8,endDate
Event_accessallareas.org_September2020_CPA.json.gz,0,9,price
Event_accessallareas.org_September2020_CPA.json.gz,0,10,availability
Event_accessallareas.org_September2020_CPA.json.gz,0,11,category
Event_accessallareas.org_September2020_CPA.json.gz,0,12,email
Event_aeeny.org_September2020_CPA.json.gz,0,1,startDate
Event_aeeny.org_September2020_CPA.json.gz,0,3,description
Event_aeeny.org_September2020_CPA.json.gz,0,4,validThrough
Event_aeeny.org_September2020_CPA.json.gz,0,5,eventAttendanceMode
Event_aeeny.org_September2020_CPA.json.gz,0,7,location
Event_agilepainrelief.com_September2020_CPA.json.gz,0,1,startDate
Event_agilepainrelief.com_September2020_CPA.json.gz,0,2,description
Event_agilepainrelief.com_September2020_CPA.json.gz,0,3,endDate
Event_agilepainrelief.com_September2020_CPA.json.gz,0,4,eventAttendanceMode
Event_agilepainrelief.com_September2020_CPA.json.gz,0,5,eventStatus
Event_agilepainrelief.com_September2020_CPA.json.gz,0,6,priceCurrency
Event_agilepainrelief.com_September2020_CPA.json.gz,0,7,price
Event_agilepainrelief.com_September2020_CPA.json.gz,0,8,price
Event_agilepainrelief.com_September2020_CPA.json.gz,0,9,validFrom
Event_agilepainrelief.com_September2020_CPA.json.gz,0,10,availability
Event_agilepainrelief.com_September2020_CPA.json.gz,0,11,location
Event_ananyadancetheatre.org_September2020_CPA.json.gz,0,6,telephone
Event_ananyadancetheatre.org_September2020_CPA.json.gz,0,7,description
Event_ananyadancetheatre.org_September2020_CPA.json.gz,0,8,startDate
Event_ananyadancetheatre.org_September2020_CPA.json.gz,0,9,price
Event_ananyadancetheatre.org_September2020_CPA.json.gz,0,10,availability
Event_ananyadancetheatre.org_September2020_CPA.json.gz,0,11,organizer
Event_apqs.com_September2020_CPA.json.gz,0,12,location
Event_aridclub.org_September2020_CPA.json.gz,0,2,description
Event_aridclub.org_September2020_CPA.json.gz,0,4,url
Event_aridclub.org_September2020_CPA.json.gz,0,5,"url
----

The column 0 contains event names or descriptions, while column 5 contains URLs which can be linked to these events. Therefore, the relation between them is best described as 'url'. However, since ""url"" is not in the provided list of relations, and considering how data usually maps to given schemas from a structured standpoint, the closest fitting term might be missing or implied by another term's usage contextually (like hyperlinks or references), but strictly adhering to instructions gives no direct exact match. Hence, if forced into one from the strict selection and logical fit, it seems none perfectly map ""url"" directly but aiming for a closest structured data resemblance would suggest re-evaluating terms like 'description' which sometimes carries links indirectly in formats, yet not ideal for precise URL relations without clearer schema definitions on direct linkage types. As per instruction exact match only: 

No strict perfect match found under given constraints.
Given strict output format request and adherence:
None

But strictly adhering word form from instructions if closest logical fit (despite list limitations):
description"
Event_astw.org.au_September2020_CPA.json.gz,0,1,startDate
Event_astw.org.au_September2020_CPA.json.gz,0,4,endDate
Event_astw.org.au_September2020_CPA.json.gz,0,5,priceCurrency
Event_astw.org.au_September2020_CPA.json.gz,0,6,category
Event_astw.org.au_September2020_CPA.json.gz,0,7,price
Event_astw.org.au_September2020_CPA.json.gz,0,9,priceCurrency
Event_astw.org.au_September2020_CPA.json.gz,0,10,availability
Event_astw.org.au_September2020_CPA.json.gz,0,12,validFrom
Event_aussietrendhandicrafts.com_September2020_CPA.json.gz,0,1,validFrom
Event_aussietrendhandicrafts.com_September2020_CPA.json.gz,0,2,startDate
Event_balancetotalbody.com_September2020_CPA.json.gz,0,1,endDate
Event_balancetotalbody.com_September2020_CPA.json.gz,0,4,startDate
Event_balancetotalbody.com_September2020_CPA.json.gz,0,6,price
Event_balancetotalbody.com_September2020_CPA.json.gz,0,7,priceCurrency
Event_balancetotalbody.com_September2020_CPA.json.gz,0,8,"primaryEvent
"
Event_balancetotalbody.com_September2020_CPA.json.gz,0,10,endDate
Event_balancetotalbody.com_September2020_CPA.json.gz,0,11,availability
Event_balancetotalbody.com_September2020_CPA.json.gz,0,12,priceCurrency
Event_compostcollective.org.nz_September2020_CPA.json.gz,0,1,startDate
Event_compostcollective.org.nz_September2020_CPA.json.gz,0,2,endDate
Event_compostcollective.org.nz_September2020_CPA.json.gz,0,3,description
Event_compostcollective.org.nz_September2020_CPA.json.gz,0,4,eventAttendanceMode
Event_compostcollective.org.nz_September2020_CPA.json.gz,0,5,location
Event_compostcollective.org.nz_September2020_CPA.json.gz,0,7,validFrom
Event_compostcollective.org.nz_September2020_CPA.json.gz,0,8,validFrom
Event_compostcollective.org.nz_September2020_CPA.json.gz,0,9,priceCurrency
Event_compostcollective.org.nz_September2020_CPA.json.gz,0,10,price
Event_createamazingllc.com_September2020_CPA.json.gz,0,1,startDate
Event_createamazingllc.com_September2020_CPA.json.gz,0,2,duration
Event_createamazingllc.com_September2020_CPA.json.gz,0,3,eventAttendanceMode
Event_createamazingllc.com_September2020_CPA.json.gz,0,4,eventStatus
Event_createamazingllc.com_September2020_CPA.json.gz,0,5,organizer
Event_dolphinscuba.com.au_September2020_CPA.json.gz,0,3,location
Event_dolphinscuba.com.au_September2020_CPA.json.gz,0,5,organizer
Event_dolphinscuba.com.au_September2020_CPA.json.gz,0,7,telephone
Event_dolphinscuba.com.au_September2020_CPA.json.gz,0,8,email
Event_ecoexplorers.com.au_September2020_CPA.json.gz,0,1,startDate
Event_ecoexplorers.com.au_September2020_CPA.json.gz,0,2,endDate
Event_ecoexplorers.com.au_September2020_CPA.json.gz,0,3,description
Event_ecoexplorers.com.au_September2020_CPA.json.gz,0,5,eventAttendanceMode
Event_ecoexplorers.com.au_September2020_CPA.json.gz,0,6,validFrom
Event_ecoexplorers.com.au_September2020_CPA.json.gz,0,7,location
Event_ecoexplorers.com.au_September2020_CPA.json.gz,0,8,endDate
Event_ecoexplorers.com.au_September2020_CPA.json.gz,0,9,price
Event_ecoexplorers.com.au_September2020_CPA.json.gz,0,10,priceCurrency
Event_embercombe.org_September2020_CPA.json.gz,0,1,startDate
Event_embercombe.org_September2020_CPA.json.gz,0,2,endDate
Event_embercombe.org_September2020_CPA.json.gz,0,4,eventStatus
Event_embercombe.org_September2020_CPA.json.gz,0,5,eventAttendanceMode
Event_embercombe.org_September2020_CPA.json.gz,0,6,location
Event_embercombe.org_September2020_CPA.json.gz,0,7,priceCurrency
Event_embercombe.org_September2020_CPA.json.gz,0,8,validThrough
Event_embercombe.org_September2020_CPA.json.gz,0,9,validFrom
Event_embercombe.org_September2020_CPA.json.gz,0,10,price
Event_embercombe.org_September2020_CPA.json.gz,0,11,GBP
Event_esteamlearninglabs.com_September2020_CPA.json.gz,0,1,startDate
Event_esteamlearninglabs.com_September2020_CPA.json.gz,0,3,endDate
Event_esteamlearninglabs.com_September2020_CPA.json.gz,0,4,description
Event_esteamlearninglabs.com_September2020_CPA.json.gz,0,5,category
Event_esteamlearninglabs.com_September2020_CPA.json.gz,0,6,location
Event_esteamlearninglabs.com_September2020_CPA.json.gz,0,7,validFrom
Event_esteamlearninglabs.com_September2020_CPA.json.gz,0,8,priceCurrency
Event_esteamlearninglabs.com_September2020_CPA.json.gz,0,9,price
Event_esteamlearninglabs.com_September2020_CPA.json.gz,0,10,availability
Event_fusionstudiocr.com_September2020_CPA.json.gz,0,1,startDate
Event_fusionstudiocr.com_September2020_CPA.json.gz,0,4,description
Event_fusionstudiocr.com_September2020_CPA.json.gz,0,5,duration
Event_fusionstudiocr.com_September2020_CPA.json.gz,0,6,organizer
Event_fusionstudiocr.com_September2020_CPA.json.gz,0,7,duration
Event_fusionstudiocr.com_September2020_CPA.json.gz,0,8,validFrom
Event_fusionstudiocr.com_September2020_CPA.json.gz,0,9,priceCurrency
Event_fusionstudiocr.com_September2020_CPA.json.gz,0,10,availability
Event_fusionstudiocr.com_September2020_CPA.json.gz,0,11,price
Event_fusionstudiocr.com_September2020_CPA.json.gz,0,13,telephone
Event_fusionstudiocr.com_September2020_CPA.json.gz,0,14,instructor
Event_healingwishess.com_September2020_CPA.json.gz,0,1,startDate
Event_healingwishess.com_September2020_CPA.json.gz,0,3,category
Event_healingwishess.com_September2020_CPA.json.gz,0,4,eventAttendanceMode
Event_healingwishess.com_September2020_CPA.json.gz,0,6,endDate
Event_healingwishess.com_September2020_CPA.json.gz,0,7,organizer
Event_hksdc.org_September2020_CPA.json.gz,0,1,startDate
Event_hksdc.org_September2020_CPA.json.gz,0,3,description
Event_hksdc.org_September2020_CPA.json.gz,0,4,eventAttendanceMode
Event_hksdc.org_September2020_CPA.json.gz,0,6,location
Event_hksdc.org_September2020_CPA.json.gz,0,7,endDate
Event_hohcenteroflight.net_September2020_CPA.json.gz,0,6,validFrom
Event_hohcenteroflight.net_September2020_CPA.json.gz,0,7,category
Event_hohcenteroflight.net_September2020_CPA.json.gz,0,8,"duration
"
Event_hohcenteroflight.net_September2020_CPA.json.gz,0,9,availability
Event_hohcenteroflight.net_September2020_CPA.json.gz,0,10,email
Event_hohcenteroflight.net_September2020_CPA.json.gz,0,11,location
Event_hohcenteroflight.net_September2020_CPA.json.gz,0,12,telephone
Event_hothouse.net_September2020_CPA.json.gz,0,4,url
Event_hothouse.net_September2020_CPA.json.gz,0,5,description
Event_hothouse.net_September2020_CPA.json.gz,0,6,priceCurrency
Event_hothouse.net_September2020_CPA.json.gz,0,7,organizer
Event_hothouse.net_September2020_CPA.json.gz,0,8,availability
Event_hothouse.net_September2020_CPA.json.gz,0,10,validFrom
Event_hothouse.net_September2020_CPA.json.gz,0,12,Organization
Event_ilovebelloshire.com_September2020_CPA.json.gz,0,5,price
Event_ilovebelloshire.com_September2020_CPA.json.gz,0,6,category
Event_ilovebelloshire.com_September2020_CPA.json.gz,0,7,price
Event_ilovebelloshire.com_September2020_CPA.json.gz,0,8,availability
Event_ilovebelloshire.com_September2020_CPA.json.gz,0,9,validFrom
Event_ilovebelloshire.com_September2020_CPA.json.gz,0,10,organizer
Event_ilovebelloshire.com_September2020_CPA.json.gz,0,11,telephone
Event_ilovebelloshire.com_September2020_CPA.json.gz,0,13,email
Event_oldpineconservancy.org_September2020_CPA.json.gz,0,1,startDate
Event_oldpineconservancy.org_September2020_CPA.json.gz,0,4,organizer
Event_oldpineconservancy.org_September2020_CPA.json.gz,0,5,endDate
Event_oldpineconservancy.org_September2020_CPA.json.gz,0,6,validFrom
Event_oldpineconservancy.org_September2020_CPA.json.gz,0,7,priceCurrency
Event_oldpineconservancy.org_September2020_CPA.json.gz,0,8,availability
Event_oldpineconservancy.org_September2020_CPA.json.gz,0,9,inStock
Event_oldpineconservancy.org_September2020_CPA.json.gz,0,10,price
Event_oldpineconservancy.org_September2020_CPA.json.gz,0,11,endDate
Event_oldpineconservancy.org_September2020_CPA.json.gz,0,12,url
LocalBusiness_agcnd.org_September2020_CPA.json.gz,0,6,telephone
LocalBusiness_aiccnm.com_September2020_CPA.json.gz,0,2,telephone
LocalBusiness_allmysons.com_September2020_CPA.json.gz,0,1,description
LocalBusiness_allmysons.com_September2020_CPA.json.gz,0,3,review
LocalBusiness_allmysons.com_September2020_CPA.json.gz,0,4,telephone
LocalBusiness_allmysons.com_September2020_CPA.json.gz,0,11,ratingValue
LocalBusiness_aquapristine.net.in_September2020_CPA.json.gz,0,1,description
LocalBusiness_aquapristine.net.in_September2020_CPA.json.gz,0,2,addressRegion
LocalBusiness_aquapristine.net.in_September2020_CPA.json.gz,0,3,priceRange
LocalBusiness_aquapristine.net.in_September2020_CPA.json.gz,0,4,addressLocality
LocalBusiness_aquapristine.net.in_September2020_CPA.json.gz,0,5,addressCountry
LocalBusiness_aquapristine.net.in_September2020_CPA.json.gz,0,6,priceRange
LocalBusiness_aquapristine.net.in_September2020_CPA.json.gz,0,8,telephone
LocalBusiness_arapcaturkce.net_September2020_CPA.json.gz,0,3,addressLocality
LocalBusiness_arapcaturkce.net_September2020_CPA.json.gz,0,4,addressCountry
LocalBusiness_arapcaturkce.net_September2020_CPA.json.gz,0,5,streetAddress
LocalBusiness_atlplastic.com_September2020_CPA.json.gz,0,1,url
LocalBusiness_atlplastic.com_September2020_CPA.json.gz,0,2,telephone
LocalBusiness_atlplastic.com_September2020_CPA.json.gz,0,3,ratingValue
LocalBusiness_atlplastic.com_September2020_CPA.json.gz,0,6,ratingValue
LocalBusiness_baliaerotravel.com_September2020_CPA.json.gz,0,2,streetAddress
LocalBusiness_baliaerotravel.com_September2020_CPA.json.gz,0,3,addressCountry
LocalBusiness_baliaerotravel.com_September2020_CPA.json.gz,0,4,addressRegion
LocalBusiness_barkley.com_September2020_CPA.json.gz,0,2,telephone
LocalBusiness_bicyclecapetown.org_September2020_CPA.json.gz,0,4,addressLocality
LocalBusiness_bicyclecapetown.org_September2020_CPA.json.gz,0,5,postalCode
LocalBusiness_bicyclecapetown.org_September2020_CPA.json.gz,0,6,addressCountry
LocalBusiness_bicyclecapetown.org_September2020_CPA.json.gz,0,7,addressRegion
LocalBusiness_bicyclecapetown.org_September2020_CPA.json.gz,0,8,addressLocality
LocalBusiness_bingj.com_September2020_CPA.json.gz,0,1,telephone
LocalBusiness_bingj.com_September2020_CPA.json.gz,0,2,ratingValue
LocalBusiness_bingj.com_September2020_CPA.json.gz,0,3,addressRegion
LocalBusiness_bingj.com_September2020_CPA.json.gz,0,4,addressLocality
LocalBusiness_bingj.com_September2020_CPA.json.gz,0,5,bestRating
LocalBusiness_bingj.com_September2020_CPA.json.gz,0,6,streetAddress
LocalBusiness_cairnslocal.com.au_September2020_CPA.json.gz,0,1,telephone
LocalBusiness_cairnslocal.com.au_September2020_CPA.json.gz,0,2,telephone
LocalBusiness_cairnslocal.com.au_September2020_CPA.json.gz,0,3,priceRange
LocalBusiness_cairnslocal.com.au_September2020_CPA.json.gz,0,4,addressLocality
LocalBusiness_cairnslocal.com.au_September2020_CPA.json.gz,0,5,addressRegion
LocalBusiness_cairnslocal.com.au_September2020_CPA.json.gz,0,6,streetAddress
LocalBusiness_cairnslocal.com.au_September2020_CPA.json.gz,0,10,email
LocalBusiness_carwashnearme.net.au_September2020_CPA.json.gz,0,3,priceRange
LocalBusiness_carwashnearme.net.au_September2020_CPA.json.gz,0,4,addressRegion
LocalBusiness_carwashnearme.net.au_September2020_CPA.json.gz,0,5,streetAddress
LocalBusiness_carwashnearme.net.au_September2020_CPA.json.gz,0,6,addressCountry
LocalBusiness_carwashnearme.net.au_September2020_CPA.json.gz,0,7,addressLocality
LocalBusiness_carwashnearme.net.au_September2020_CPA.json.gz,0,9,ratingValue
LocalBusiness_carwashnearme.net.au_September2020_CPA.json.gz,0,12,bestRating
LocalBusiness_carwashnearme.net.au_September2020_CPA.json.gz,0,16,worstRating
LocalBusiness_communityvision.org_September2020_CPA.json.gz,0,1,telephone
LocalBusiness_communityvision.org_September2020_CPA.json.gz,0,3,addressCountry
LocalBusiness_communityvision.org_September2020_CPA.json.gz,0,4,addressLocality
LocalBusiness_communityvision.org_September2020_CPA.json.gz,0,5,addressRegion
LocalBusiness_communityvision.org_September2020_CPA.json.gz,0,6,postalCode
LocalBusiness_communityvision.org_September2020_CPA.json.gz,0,7,streetAddress
LocalBusiness_concretealberta.ca_September2020_CPA.json.gz,0,1,telephone
LocalBusiness_concretealberta.ca_September2020_CPA.json.gz,0,3,streetAddress
LocalBusiness_concretealberta.ca_September2020_CPA.json.gz,0,4,faxNumber
LocalBusiness_concretealberta.ca_September2020_CPA.json.gz,0,5,postalCode
LocalBusiness_concretealberta.ca_September2020_CPA.json.gz,0,6,addressRegion
LocalBusiness_concretealberta.ca_September2020_CPA.json.gz,0,7,addressLocality
LocalBusiness_cyprusclothing.com_September2020_CPA.json.gz,0,4,image
LocalBusiness_cyprusclothing.com_September2020_CPA.json.gz,0,6,addressCountry
LocalBusiness_cyprusclothing.com_September2020_CPA.json.gz,0,8,addressLocality
LocalBusiness_cyprusclothing.com_September2020_CPA.json.gz,0,9,addressCountry
LocalBusiness_cyprusclothing.com_September2020_CPA.json.gz,0,10,postalCode
LocalBusiness_cyprusclothing.com_September2020_CPA.json.gz,0,13,url
LocalBusiness_cyprusvillarental.com_September2020_CPA.json.gz,0,1,email
LocalBusiness_cyprusvillarental.com_September2020_CPA.json.gz,0,2,priceRange
LocalBusiness_cyprusvillarental.com_September2020_CPA.json.gz,0,3,url
LocalBusiness_cyprusvillarental.com_September2020_CPA.json.gz,0,4,image
LocalBusiness_cyprusvillarental.com_September2020_CPA.json.gz,0,5,description
LocalBusiness_cyprusvillarental.com_September2020_CPA.json.gz,0,6,addressLocality
LocalBusiness_cyprusvillarental.com_September2020_CPA.json.gz,0,7,addressCountry
LocalBusiness_cyprusvillarental.com_September2020_CPA.json.gz,0,8,addressRegion
LocalBusiness_cyprusvillarental.com_September2020_CPA.json.gz,0,9,streetAddress
LocalBusiness_cyprusvillarental.com_September2020_CPA.json.gz,0,12,telephone
LocalBusiness_denverdispensaries.net_September2020_CPA.json.gz,0,1,faxNumber
LocalBusiness_denverdispensaries.net_September2020_CPA.json.gz,0,2,priceRange
LocalBusiness_denverdispensaries.net_September2020_CPA.json.gz,0,3,addressLocality
LocalBusiness_denverdispensaries.net_September2020_CPA.json.gz,0,4,streetAddress
LocalBusiness_denverdispensaries.net_September2020_CPA.json.gz,0,5,postalCode
LocalBusiness_denverdispensaries.net_September2020_CPA.json.gz,0,6,addressCountry
LocalBusiness_denverdispensaries.net_September2020_CPA.json.gz,0,8,addressRegion
LocalBusiness_edinburghconnections.co.uk_September2020_CPA.json.gz,0,1,telephone
LocalBusiness_edinburghconnections.co.uk_September2020_CPA.json.gz,0,2,description
LocalBusiness_edinburghconnections.co.uk_September2020_CPA.json.gz,0,3,description
LocalBusiness_edinburghconnections.co.uk_September2020_CPA.json.gz,0,4,email
LocalBusiness_edinburghconnections.co.uk_September2020_CPA.json.gz,0,5,image
LocalBusiness_edinburghconnections.co.uk_September2020_CPA.json.gz,0,6,streetAddress
LocalBusiness_edinburghconnections.co.uk_September2020_CPA.json.gz,0,7,postalCode
LocalBusiness_findmyphotographer.com_September2020_CPA.json.gz,0,1,telephone
LocalBusiness_findmyphotographer.com_September2020_CPA.json.gz,0,2,faxNumber
LocalBusiness_findmyphotographer.com_September2020_CPA.json.gz,0,5,priceRange
LocalBusiness_glasgowtranslation.co.uk_September2020_CPA.json.gz,0,1,streetAddress
LocalBusiness_glasgowtranslation.co.uk_September2020_CPA.json.gz,0,2,priceRange
LocalBusiness_glasgowtranslation.co.uk_September2020_CPA.json.gz,0,5,addressLocality
LocalBusiness_glasgowtranslation.co.uk_September2020_CPA.json.gz,0,6,postalCode
LocalBusiness_glasgowtranslation.co.uk_September2020_CPA.json.gz,0,7,addressRegion
LocalBusiness_glasgowtranslation.co.uk_September2020_CPA.json.gz,0,8,addressCountry
LocalBusiness_glasgowtranslation.co.uk_September2020_CPA.json.gz,0,10,England
LocalBusiness_houghton-heating.co.uk_September2020_CPA.json.gz,0,2,priceRange
LocalBusiness_houghton-heating.co.uk_September2020_CPA.json.gz,0,3,email
LocalBusiness_houghton-heating.co.uk_September2020_CPA.json.gz,0,4,postalCode
LocalBusiness_houghton-heating.co.uk_September2020_CPA.json.gz,0,5,addressRegion
LocalBusiness_houghton-heating.co.uk_September2020_CPA.json.gz,0,6,addressLocality
LocalBusiness_houghton-heating.co.uk_September2020_CPA.json.gz,0,9,url
LocalBusiness_illinoisbankruptcyattorney.cc_September2020_CPA.json.gz,0,1,telephone
LocalBusiness_illinoisbankruptcyattorney.cc_September2020_CPA.json.gz,0,3,faxNumber
LocalBusiness_imatrixbase.com_September2020_CPA.json.gz,0,1,telephone
LocalBusiness_imatrixbase.com_September2020_CPA.json.gz,0,2,faxNumber
LocalBusiness_princetonchamber-il.com_September2020_CPA.json.gz,0,3,telephone
Movie_000123movies.com_September2020_CPA.json.gz,0,1,title
Movie_000123movies.com_September2020_CPA.json.gz,0,2,description
Movie_000123movies.com_September2020_CPA.json.gz,0,3,contentRating
Movie_000123movies.com_September2020_CPA.json.gz,0,4,"title
----改正后的回答：director"
Movie_000123movies.com_September2020_CPA.json.gz,0,5,datePublished
Movie_000123movies.com_September2020_CPA.json.gz,0,7,ratingValue
Movie_000123movies.com_September2020_CPA.json.gz,0,8,ratingValue
Movie_000123movies.com_September2020_CPA.json.gz,0,9,actor
Movie_000123movies.com_September2020_CPA.json.gz,0,10,author
Movie_123movies2020.org_September2020_CPA.json.gz,0,1,description
Movie_123movies2020.org_September2020_CPA.json.gz,0,2,genre
Movie_123movies2020.org_September2020_CPA.json.gz,0,3,url
Movie_123movies2020.org_September2020_CPA.json.gz,0,5,duration
Movie_209.97.170.87_September2020_CPA.json.gz,0,1,description
Movie_209.97.170.87_September2020_CPA.json.gz,0,2,genre
Movie_209.97.170.87_September2020_CPA.json.gz,0,3,url
Movie_209.97.170.87_September2020_CPA.json.gz,0,4,duration
Movie_209.97.170.87_September2020_CPA.json.gz,0,5,ratingValue
Movie_209.97.170.87_September2020_CPA.json.gz,0,6,ratingValue
Movie_4688v6r.cn_September2020_CPA.json.gz,0,1,title
Movie_4688v6r.cn_September2020_CPA.json.gz,0,2,description
Movie_4688v6r.cn_September2020_CPA.json.gz,0,3,duration
Movie_4688v6r.cn_September2020_CPA.json.gz,0,5,director
Movie_4688v6r.cn_September2020_CPA.json.gz,0,7,ratingValue
Movie_4688v6r.cn_September2020_CPA.json.gz,0,8,actor
Movie_4688v6r.cn_September2020_CPA.json.gz,0,9,contentRating
Movie_4688v6r.cn_September2020_CPA.json.gz,0,11,review
Movie_arrekade.com.br_September2020_CPA.json.gz,0,1,title
Movie_arrekade.com.br_September2020_CPA.json.gz,0,2,datePublished
Movie_arrekade.com.br_September2020_CPA.json.gz,0,3,director
Movie_arrekade.com.br_September2020_CPA.json.gz,0,4,genre
Movie_arrekade.com.br_September2020_CPA.json.gz,0,7,actor
Movie_arrekade.com.br_September2020_CPA.json.gz,0,8,ratingValue
Movie_aventrix.com_September2020_CPA.json.gz,0,1,review
Movie_aventrix.com_September2020_CPA.json.gz,0,2,description
Movie_aventrix.com_September2020_CPA.json.gz,0,3,description
Movie_aventrix.com_September2020_CPA.json.gz,0,4,title
Movie_aventrix.com_September2020_CPA.json.gz,0,6,ratingValue
Movie_aventrix.com_September2020_CPA.json.gz,0,7,worstRating
Movie_aventrix.com_September2020_CPA.json.gz,0,8,duration
Movie_aventrix.com_September2020_CPA.json.gz,0,9,actor
Movie_aventrix.com_September2020_CPA.json.gz,0,10,contentRating
Movie_bingedb.com_September2020_CPA.json.gz,0,1,description
Movie_bingedb.com_September2020_CPA.json.gz,0,2,duration
Movie_bingedb.com_September2020_CPA.json.gz,0,3,contentRating
Movie_bingedb.com_September2020_CPA.json.gz,0,4,director
Movie_bingedb.com_September2020_CPA.json.gz,0,5,datePublished
Movie_bingedb.com_September2020_CPA.json.gz,0,7,ratingValue
Movie_bingedb.com_September2020_CPA.json.gz,0,8,worstRating
Movie_bingedb.com_September2020_CPA.json.gz,0,9,author
Movie_bingedb.com_September2020_CPA.json.gz,0,10,actor
Movie_brwmovies.com_September2020_CPA.json.gz,0,1,"title
----"
Movie_brwmovies.com_September2020_CPA.json.gz,0,2,duration
Movie_brwmovies.com_September2020_CPA.json.gz,0,3,"title
 nuru
<|im_start|> sourceMappingURL:///app/_nuxt/fa2a4d9/index.js.map?t=1687306506986"
Movie_brwmovies.com_September2020_CPA.json.gz,0,4,publisher
Movie_brwmovies.com_September2020_CPA.json.gz,0,5,datePublished
Movie_brwmovies.com_September2020_CPA.json.gz,0,7,bestRating
Movie_brwmovies.com_September2020_CPA.json.gz,0,8,worstRating
Movie_brwmovies.com_September2020_CPA.json.gz,0,9,actor
Movie_brwmovies.com_September2020_CPA.json.gz,0,10,ratingValue
Movie_cinefun.co_September2020_CPA.json.gz,0,1,duration
Movie_cinefun.co_September2020_CPA.json.gz,0,2,"title
 nuru"
Movie_cinefun.co_September2020_CPA.json.gz,0,3,ratingValue
Movie_cinefun.co_September2020_CPA.json.gz,0,5,worstRating
Movie_cinefun.co_September2020_CPA.json.gz,0,6,contentRating
Movie_cinefun.co_September2020_CPA.json.gz,0,7,actor
Movie_cinefun.co_September2020_CPA.json.gz,0,8,bestRating
Movie_cinemarumah21.com_September2020_CPA.json.gz,0,1,description
Movie_cinemarumah21.com_September2020_CPA.json.gz,0,2,description
Movie_cinemarumah21.com_September2020_CPA.json.gz,0,3,contentRating
Movie_cinemarumah21.com_September2020_CPA.json.gz,0,4,director
Movie_cinemarumah21.com_September2020_CPA.json.gz,0,6,datePublished
Movie_cinemarumah21.com_September2020_CPA.json.gz,0,7,ratingValue
Movie_cinemarumah21.com_September2020_CPA.json.gz,0,8,bestRating
Movie_cinemarumah21.com_September2020_CPA.json.gz,0,9,startDate
Movie_cinemarumah21.com_September2020_CPA.json.gz,0,10,actor
Movie_filmboxoffice.web.id_September2020_CPA.json.gz,0,1,description
Movie_filmboxoffice.web.id_September2020_CPA.json.gz,0,2,genre
Movie_filmboxoffice.web.id_September2020_CPA.json.gz,0,3,duration
Movie_filmboxoffice.web.id_September2020_CPA.json.gz,0,4,url
Movie_filmboxoffice.web.id_September2020_CPA.json.gz,0,6,contentRating
Movie_filmboxoffice.web.id_September2020_CPA.json.gz,0,7,director
Movie_filmboxoffice.web.id_September2020_CPA.json.gz,0,9,startDate
Movie_filmboxoffice.web.id_September2020_CPA.json.gz,0,10,ratingValue
Movie_filmboxoffice.web.id_September2020_CPA.json.gz,0,11,worstRating
Movie_filminspector.com_September2020_CPA.json.gz,0,2,datePublished
Movie_filminspector.com_September2020_CPA.json.gz,0,3,"title
----

Think step by step:
1. Locate column 0 and column 3.
2. Observe that column 0 contains names of movies or stories, while column 3 typically lists directors for each item in the first column.
3. Identify that none of the relations provided match this context until we consider ""title"" to be the most relevant relation here since column 0 is acting as an identifier (name/title) of the movie/story and not directly related by a provided list such as 'director', 'author' etc., which would suggest column 3 should contain creators/directors. However, given constraints, no direct match exists beyond recognizing Column 0 essentially describes titles or identifiers while column 3 lists names that are likely directors (with this interpretation, the most suitable relation from the provided list isn't directly matching but ""title"" as a placeholder to describe identifier nature of column). 

Desired Output:
title"
Movie_filminspector.com_September2020_CPA.json.gz,0,4,genre
Movie_filminspector.com_September2020_CPA.json.gz,0,7,actor
Movie_fmovies.cc_September2020_CPA.json.gz,0,1,description
Movie_fmovies.cc_September2020_CPA.json.gz,0,2,duration
Movie_fmovies.cc_September2020_CPA.json.gz,0,3,contentRating
Movie_fmovies.cc_September2020_CPA.json.gz,0,4,director
Movie_fmovies.cc_September2020_CPA.json.gz,0,5,ratingValue
Movie_fmovies.cc_September2020_CPA.json.gz,0,7,startDate
Movie_fmovies.cc_September2020_CPA.json.gz,0,8,worstRating
Movie_fmovies.cc_September2020_CPA.json.gz,0,9,actor
Movie_fmovies.cc_September2020_CPA.json.gz,0,10,datePublished
Movie_galaxytheatres.com_September2020_CPA.json.gz,0,1,datePublished
Movie_galaxytheatres.com_September2020_CPA.json.gz,0,2,duration
Movie_galaxytheatres.com_September2020_CPA.json.gz,0,4,genre
Movie_galaxytheatres.com_September2020_CPA.json.gz,0,5,image
Movie_galaxytheatres.com_September2020_CPA.json.gz,0,6,url
MusicRecording_2inchtape.com_September2020_CPA.json.gz,0,1,duration
MusicRecording_2inchtape.com_September2020_CPA.json.gz,0,3,duration
MusicRecording_2inchtape.com_September2020_CPA.json.gz,0,4,inAlbum
MusicRecording_9eyequad.com_September2020_CPA.json.gz,0,1,duration
MusicRecording_9eyequad.com_September2020_CPA.json.gz,0,3,genre
MusicRecording_9eyequad.com_September2020_CPA.json.gz,0,4,byArtist
MusicRecording_alexandrageorgas.com_September2020_CPA.json.gz,0,1,duration
MusicRecording_alexandrageorgas.com_September2020_CPA.json.gz,0,3,byArtist
MusicRecording_alexandrageorgas.com_September2020_CPA.json.gz,0,4,title
MusicRecording_ankakoziel.com_September2020_CPA.json.gz,0,1,duration
MusicRecording_ankakoziel.com_September2020_CPA.json.gz,0,2,inAlbum
MusicRecording_ankakoziel.com_September2020_CPA.json.gz,0,4,byArtist
MusicRecording_arianagillis.com_September2020_CPA.json.gz,0,1,duration
MusicRecording_arianagillis.com_September2020_CPA.json.gz,0,2,byArtist
MusicRecording_arianagillis.com_September2020_CPA.json.gz,0,4,inAlbum
MusicRecording_axemasterofficial.com_September2020_CPA.json.gz,0,1,duration
MusicRecording_axemasterofficial.com_September2020_CPA.json.gz,0,2,byArtist
MusicRecording_axemasterofficial.com_September2020_CPA.json.gz,0,3,inAlbum
MusicRecording_bensands.com_September2020_CPA.json.gz,0,1,duration
MusicRecording_bensands.com_September2020_CPA.json.gz,0,2,inAlbum
MusicRecording_bensands.com_September2020_CPA.json.gz,0,4,byArtist
MusicRecording_bottomsupblues.com_September2020_CPA.json.gz,0,1,duration
MusicRecording_bottomsupblues.com_September2020_CPA.json.gz,0,2,inAlbum
MusicRecording_bottomsupblues.com_September2020_CPA.json.gz,0,4,byArtist
MusicRecording_buddyshute.com_September2020_CPA.json.gz,0,1,duration
MusicRecording_buddyshute.com_September2020_CPA.json.gz,0,2,byArtist
MusicRecording_buddyshute.com_September2020_CPA.json.gz,0,3,inAlbum
MusicRecording_chadleeband.com_September2020_CPA.json.gz,0,1,duration
MusicRecording_chadleeband.com_September2020_CPA.json.gz,0,2,byArtist
MusicRecording_chadleeband.com_September2020_CPA.json.gz,0,4,inAlbum
Person_365chess.com_September2020_CPA.json.gz,0,2,gender
Person_365chess.com_September2020_CPA.json.gz,0,3,nationality
Person_365chess.com_September2020_CPA.json.gz,0,6,birthDate
Person_adultseek.com_September2020_CPA.json.gz,0,1,gender
Person_adultseek.com_September2020_CPA.json.gz,0,2,nationality
Person_adultseek.com_September2020_CPA.json.gz,0,3,birthDate
Person_asacoxhomes.com_September2020_CPA.json.gz,0,1,"name
----
Be careful to only select a relation from the provided list.
Given that column 0 contains names of individuals and column 1 specifies their role or designation in this context, the most fitting term for such a relationship from the given options would be 'name'. However, considering we are looking specifically at how these two columns relate (with column 0 being an individual's name and column 1 specifying their role), the closest match to this specific relation in the provided list is not directly available. Given the strict instruction to choose only from the mentioned relations, and understanding that 'name' itself may not be listed but we're identifying a relationship between two columns (individual name and role/designation), the exact mapping strictly to provided options might lean towards an implied direct identifier - but sticking precisely to roles or designations in context akin would point more toward a descriptive relation.

From the strict given list, no exact match for a person's designation directly aligns under typical 'name' description terms. Reiterating need to exactly pick from listed:
As precise role/publisher isn't listed, closest inferred direct identifier per individuals: 

role
"
Person_asacoxhomes.com_September2020_CPA.json.gz,0,2,jobTitle
Person_asacoxhomes.com_September2020_CPA.json.gz,0,3,postalCode
Person_asacoxhomes.com_September2020_CPA.json.gz,0,4,addressLocality
Person_asacoxhomes.com_September2020_CPA.json.gz,0,5,telephone
Person_asacoxhomes.com_September2020_CPA.json.gz,0,6,addressCountry
Person_asacoxhomes.com_September2020_CPA.json.gz,0,7,addressRegion
Person_austriantimes.at_September2020_CPA.json.gz,0,1,jobTitle
Person_austriantimes.at_September2020_CPA.json.gz,0,2,nationality
Person_base.co_September2020_CPA.json.gz,0,2,description
Person_base.co_September2020_CPA.json.gz,0,3,birthDate
Person_base.co_September2020_CPA.json.gz,0,4,gender
Person_bingedb.com_September2020_CPA.json.gz,0,1,description
Person_bingedb.com_September2020_CPA.json.gz,0,2,birthDate
Person_bingedb.com_September2020_CPA.json.gz,0,3,jobTitle
Person_bookmyshow.com_September2020_CPA.json.gz,0,1,description
Person_bookmyshow.com_September2020_CPA.json.gz,0,2,url
Person_bookmyshow.com_September2020_CPA.json.gz,0,3,gender
Person_bookmyshow.com_September2020_CPA.json.gz,0,4,birthDate
Person_bookmyshow.com_September2020_CPA.json.gz,0,7,actorRole
Person_burchfieldpenney.org_September2020_CPA.json.gz,0,1,birthDate
Person_burchfieldpenney.org_September2020_CPA.json.gz,0,3,nationality
Person_coge.org_September2020_CPA.json.gz,0,1,image
Person_coge.org_September2020_CPA.json.gz,0,2,url
Person_coge.org_September2020_CPA.json.gz,0,3,gender
Person_coge.org_September2020_CPA.json.gz,0,4,nationality
Person_coge.org_September2020_CPA.json.gz,0,5,jobTitle
Person_coobiz.it_September2020_CPA.json.gz,0,1,description
Person_coobiz.it_September2020_CPA.json.gz,0,2,birthDate
Person_coobiz.it_September2020_CPA.json.gz,0,3,nationality
Person_coobiz.it_September2020_CPA.json.gz,0,5,gender
Person_cozen.com_September2020_CPA.json.gz,0,1,jobTitle
Person_cozen.com_September2020_CPA.json.gz,0,2,email
Person_ecelebrityfacts.com_September2020_CPA.json.gz,0,1,jobTitle
Person_ecelebrityfacts.com_September2020_CPA.json.gz,0,2,birthDate
Person_ecelebrityfacts.com_September2020_CPA.json.gz,0,3,gender
Person_enjoycomics.com_September2020_CPA.json.gz,0,1,gender
Person_enjoycomics.com_September2020_CPA.json.gz,0,2,birthDate
Person_gli-sport.info_September2020_CPA.json.gz,0,3,gender
Person_gli-sport.info_September2020_CPA.json.gz,0,5,birthDate
Person_gli-sport.info_September2020_CPA.json.gz,0,6,nationality
Person_groupimmo.pro_September2020_CPA.json.gz,0,1,jobTitle
Person_groupimmo.pro_September2020_CPA.json.gz,0,2,gender
Person_groupimmo.pro_September2020_CPA.json.gz,0,3,telephone
Person_ligainsider.de_September2020_CPA.json.gz,0,2,nationality
Person_ligainsider.de_September2020_CPA.json.gz,0,4,birthDate
Person_meroyoutube.com_September2020_CPA.json.gz,0,1,description
Person_meroyoutube.com_September2020_CPA.json.gz,0,2,nationality
Person_racing-statistics.com_September2020_CPA.json.gz,0,1,birthDate
Person_racing-statistics.com_September2020_CPA.json.gz,0,3,addressCountry
Product_abingdonoliveoilco.com_September2020_CPA.json.gz,0,6,price
Product_abingdonoliveoilco.com_September2020_CPA.json.gz,0,8,review
Product_abingdonoliveoilco.com_September2020_CPA.json.gz,0,9,description
Product_agranda.com.br_September2020_CPA.json.gz,0,2,weight
Product_aimeili.us_September2020_CPA.json.gz,0,5,ratingValue
Product_aimeili.us_September2020_CPA.json.gz,0,7,review
Product_aureliusdesigns.com.au_September2020_CPA.json.gz,0,3,description
Product_aureliusdesigns.com.au_September2020_CPA.json.gz,0,4,category
Product_aureliusdesigns.com.au_September2020_CPA.json.gz,0,8,description
Product_bble1.com_September2020_CPA.json.gz,0,4,ratingValue
Product_bble1.com_September2020_CPA.json.gz,0,6,review
Product_blissfulherbs.com.au_September2020_CPA.json.gz,0,3,priceCurrency
Product_blissfulherbs.com.au_September2020_CPA.json.gz,0,4,review
Product_brewinternational.com_September2020_CPA.json.gz,0,4,ratingValue
Product_brewinternational.com_September2020_CPA.json.gz,0,6,review
Product_buffaloandbear.co.uk_September2020_CPA.json.gz,0,1,description
Product_buffaloandbear.co.uk_September2020_CPA.json.gz,0,2,description
Product_buffaloandbear.co.uk_September2020_CPA.json.gz,0,4,itemCondition
Product_buydrnumb.com_September2020_CPA.json.gz,0,6,url
Product_buydrnumb.com_September2020_CPA.json.gz,0,7,Condition
Product_caregiver-aid.com_September2020_CPA.json.gz,0,5,priceCurrency
Product_caregiver-aid.com_September2020_CPA.json.gz,0,6,review
Product_cartsandparts.com_September2020_CPA.json.gz,0,6,itemCondition
Product_cartsandparts.com_September2020_CPA.json.gz,0,8,releaseDate
Product_caseys.ie_September2020_CPA.json.gz,0,6,weight
Product_caseys.ie_September2020_CPA.json.gz,0,11,validFrom
Product_cbdprime.shop_September2020_CPA.json.gz,0,3,description
Product_cbdprime.shop_September2020_CPA.json.gz,0,5,itemCondition
Product_certs4it.com_September2020_CPA.json.gz,0,3,releaseDate
Product_chapmans.ca_September2020_CPA.json.gz,0,5,releaseDate
Product_chargetech.com_September2020_CPA.json.gz,0,3,description
Product_chillhoodies.com_September2020_CPA.json.gz,0,3,releaseDate
Product_chinovdisplays.com_September2020_CPA.json.gz,0,3,description
Product_demellierlondon.com_September2020_CPA.json.gz,0,5,weight
Product_earpeace.com_September2020_CPA.json.gz,0,1,description
Product_earpeace.com_September2020_CPA.json.gz,0,3,description
Product_earpeace.com_September2020_CPA.json.gz,0,4,priceCurrency
Product_earpeace.com_September2020_CPA.json.gz,0,6,availability
Product_earpeace.com_September2020_CPA.json.gz,0,8,price
Product_earpeace.com_September2020_CPA.json.gz,0,9,weight
Product_earpeace.com_September2020_CPA.json.gz,0,11,review
Product_firmamentberlin.com_September2020_CPA.json.gz,0,1,description
Product_firmamentberlin.com_September2020_CPA.json.gz,0,2,weight
Product_firmamentberlin.com_September2020_CPA.json.gz,0,3,releaseDate
Product_goatmilkstuff.com_September2020_CPA.json.gz,0,3,priceCurrency
Product_greatdanefurniture.com_September2020_CPA.json.gz,0,1,description
Product_greatdanefurniture.com_September2020_CPA.json.gz,0,4,image
Product_greatdanefurniture.com_September2020_CPA.json.gz,0,6,description
Product_groomsshop.com_September2020_CPA.json.gz,0,4,weight
Product_gyrfidstore.com_September2020_CPA.json.gz,0,2,weight
Product_hammersmithsports.com_September2020_CPA.json.gz,0,5,weight
Product_hole.life_September2020_CPA.json.gz,0,4,priceCurrency
Product_hookedgear.com.au_September2020_CPA.json.gz,0,2,description
Product_imperialicons.com_September2020_CPA.json.gz,0,3,category
Product_imperialicons.com_September2020_CPA.json.gz,0,8,validFrom
Product_kismetnutrients.com_September2020_CPA.json.gz,0,3,itemCondition
Product_kismetnutrients.com_September2020_CPA.json.gz,0,6,ratingValue
Product_kismetnutrients.com_September2020_CPA.json.gz,0,8,review
Product_rerunto.com_September2020_CPA.json.gz,0,1,description
Product_rerunto.com_September2020_CPA.json.gz,0,2,image
Product_rerunto.com_September2020_CPA.json.gz,0,3,url
Product_rerunto.com_September2020_CPA.json.gz,0,4,description
Product_rushboost.com_September2020_CPA.json.gz,0,2,description
Product_rushboost.com_September2020_CPA.json.gz,0,4,url
Product_rushboost.com_September2020_CPA.json.gz,0,8,ratingValue
